article_id,combined_rcmnds,combined_scores,image_rcmnds,image_scores,tfrs_rcmnds,tfrs_scores,text_rcmnds,text_scores,feature_rcmnds,feature_scores
710728001,710728001,1.0,710728001,1.0,710728001,1.0,710728001,1.0,710728001,1.0
710728001,788093003,0.86,710728002,0.79,504154001,1.0,710728002,1.0,750213002,1.0
710728001,709338002,0.84,788093003,0.74,440811010,1.0,696134002,0.9,721298005,1.0
710728001,685009006,0.83,633977004,0.73,790791001,1.0,696134003,0.9,685009006,1.0
710728001,762063001,0.81,781833008,0.72,821173002,1.0,696134001,0.9,681176011,1.0
710728001,794454002,0.81,709338002,0.7,714191001,1.0,672947004,0.89,784397001,1.0
710728001,846592001,0.78,685009006,0.69,786336003,1.0,788595001,0.89,807500002,1.0
710728001,721298005,0.78,798820004,0.69,703991003,1.0,781833012,0.88,783580001,1.0
751724001,751724001,1.0,751724001,1.0,751724001,1.0,751724001,1.0,751724001,1.0
751724001,717502003,0.78,665082022,0.86,642498004,0.99,783706001,0.85,710358001,0.82
751724001,751719001,0.74,717502002,0.85,918834001,0.98,816175002,0.84,717502003,0.82
751724001,677970001,0.73,734902001,0.85,671783004,0.97,816175001,0.84,771034001,0.82
751724001,720821001,0.73,717502003,0.85,611635002,0.95,785818001,0.82,761713001,0.73
751724001,771034001,0.73,717773005,0.83,794222005,0.9,635279003,0.82,682784001,0.73
751724001,760572001,0.72,856332001,0.83,732060009,0.89,635279002,0.82,761713011,0.73
751724001,690894001,0.7,783073001,0.83,732060002,0.82,676111001,0.81,843905001,0.73
605716003,605716003,1.0,605716003,1.0,605716003,1.0,605716003,1.0,770857002,1.0
605716003,525096004,0.83,598975005,0.85,582881001,1.0,829185002,0.87,525096004,1.0
605716003,570333002,0.8,592745001,0.85,509497002,1.0,829185001,0.87,605716003,1.0
605716003,598720002,0.79,598670001,0.81,853559001,1.0,879282003,0.87,827838003,1.0
605716003,606274001,0.77,753893001,0.81,887809001,1.0,879282002,0.87,836303001,1.0
605716003,547623003,0.76,796644001,0.8,255396018,1.0,879282001,0.87,702982001,1.0
605716003,901679002,0.76,824062001,0.8,560534001,1.0,723173010,0.86,712167001,1.0
605716003,876355006,0.76,744892001,0.8,556955005,1.0,723173006,0.86,905757002,0.91
818313004,818313004,1.0,818313004,1.0,818313004,1.0,818313001,1.0,818313004,1.0
818313004,867783001,0.8,764355002,0.71,570489002,1.0,818313004,1.0,867783001,1.0
818313004,850541002,0.78,825086002,0.7,559018004,1.0,818313003,1.0,850541002,1.0
818313004,572799007,0.76,738882001,0.7,698317006,1.0,737577001,0.89,687069003,0.91
818313004,869846003,0.75,712517003,0.7,542695004,1.0,865971002,0.89,572799007,0.91
818313004,762600008,0.74,857855001,0.69,685813029,1.0,865971008,0.89,550580004,0.91
818313004,572797050,0.74,762600004,0.69,574153001,1.0,865971003,0.89,699110002,0.91
818313004,550580004,0.72,797680003,0.68,700946004,0.99,865971006,0.89,687044002,0.91
640555001,640555001,1.0,640555001,1.0,640555001,1.0,660930001,1.0,713200006,1.0
640555001,640554001,0.86,621976001,0.91,748141003,0.96,521782001,1.0,640555001,1.0
640555001,595212001,0.84,588423002,0.91,568800038,0.96,640555001,1.0,736691001,1.0
640555001,595272001,0.83,629024001,0.91,719629025,0.96,595272001,0.97,710278003,1.0
640555001,595201001,0.8,584633001,0.91,743768003,0.96,689009001,0.97,772772001,1.0
640555001,591800001,0.78,561248001,0.91,860721001,0.96,576859003,0.97,777043002,1.0
640555001,595194001,0.77,635141001,0.91,375585024,0.96,639891001,0.97,599580049,1.0
640555001,595209001,0.77,626794001,0.91,771796001,0.96,689009002,0.97,586896037,1.0
719575001,719575001,1.0,719575001,1.0,719575001,1.0,719575001,1.0,719575001,1.0
719575001,408569010,0.79,408647009,0.81,714543001,0.98,408649007,1.0,265630004,0.82
719575001,719544002,0.78,408569009,0.79,508789016,0.98,408649008,1.0,408554006,0.82
719575001,631744004,0.77,408569010,0.78,715424003,0.97,408649006,1.0,697688001,0.82
719575001,408647009,0.77,631744010,0.77,562734017,0.97,408647007,0.88,408554004,0.82
719575001,665497001,0.77,716590007,0.77,608776024,0.97,408647010,0.88,179393001,0.82
719575001,807244003,0.75,683001009,0.76,719544002,0.97,408647008,0.88,266875001,0.82
719575001,652956002,0.75,509091045,0.76,408569010,0.96,408647009,0.88,809320001,0.82
464297031,464297031,1.0,464297031,1.0,464297031,1.0,464297031,1.0,464297031,1.0
464297031,464297021,0.88,464297030,0.93,583896003,0.91,464297028,1.0,570319021,0.91
464297031,464297030,0.86,464297033,0.89,664368004,0.91,464297034,1.0,719655002,0.91
464297031,464927020,0.84,464297027,0.89,863477007,0.91,464297033,1.0,570319066,0.91
464297031,464297027,0.84,465655024,0.88,803070017,0.9,673718002,1.0,899215001,0.91
464297031,464297033,0.83,701014002,0.88,736531007,0.89,464297030,1.0,702890001,0.91
464297031,464927008,0.83,465655016,0.88,736531014,0.88,464297027,1.0,719655014,0.91
464297031,701014002,0.83,614857003,0.87,657291005,0.88,464297021,1.0,570319002,0.91
795621001,795621001,1.0,795621001,1.0,795621001,1.0,795621001,1.0,866117002,1.0
795621001,509669004,0.9,541518027,0.87,723469002,0.99,325087018,0.96,903306001,1.0
795621001,800245002,0.89,800245003,0.86,723469005,0.99,325087041,0.96,557994003,1.0
795621001,757921001,0.88,841182003,0.86,617348001,0.98,325087043,0.96,800245002,1.0
795621001,849738001,0.86,729318007,0.86,509669011,0.97,325087036,0.96,704756001,1.0
795621001,541518004,0.85,506098006,0.85,464679013,0.97,325087044,0.96,737644002,1.0
795621001,841182002,0.85,792817004,0.85,855706003,0.97,325087002,0.96,894775001,1.0
795621001,736530016,0.85,797527002,0.85,616708001,0.97,325087045,0.96,883354001,1.0
501619020,501619020,1.0,501619020,1.0,501619020,1.0,501619024,1.0,501619020,1.0
501619020,637411001,0.87,693510002,0.9,631749001,1.0,501619020,1.0,735094005,1.0
501619020,618319022,0.83,689107001,0.88,898694001,1.0,501619006,1.0,501619015,1.0
501619020,715610013,0.83,656495003,0.87,910457001,1.0,501619007,1.0,735094006,0.91
501619020,501722027,0.82,710876005,0.86,744224003,1.0,501619009,1.0,618319022,0.91
501619020,618319007,0.82,560030020,0.85,740824007,1.0,501619010,1.0,866529002,0.91
501619020,501620036,0.82,501620049,0.85,753094003,1.0,501619026,1.0,734940014,0.91
501619020,501722029,0.82,686643002,0.85,686564022,1.0,501619023,1.0,618319007,0.91
671599006,671599006,1.0,671599006,1.0,671599006,1.0,671599009,1.0,671599006,1.0
671599006,570004061,0.87,570004061,0.92,803229001,1.0,671599011,1.0,685816004,0.91
671599006,570004108,0.87,671599001,0.9,811262002,1.0,671599003,1.0,763275003,0.91
671599006,570004115,0.83,671599009,0.89,685816007,0.99,671599004,1.0,596400015,0.91
671599006,620928012,0.81,570004060,0.88,633172001,0.99,671599005,1.0,795338003,0.91
671599006,570004106,0.81,570004078,0.86,623859004,0.99,671599007,1.0,620928012,0.91
671599006,570004060,0.81,699924007,0.86,863456001,0.99,671599001,1.0,513699041,0.91
671599006,570004053,0.8,570004082,0.86,708711001,0.99,671599012,1.0,570004108,0.91
800389002,800389002,1.0,800389002,1.0,800389002,1.0,800389001,1.0,586007002,1.0
800389002,810419002,0.95,810419002,0.99,610081003,0.71,800389002,1.0,508463002,1.0
800389002,811783002,0.82,810419001,0.85,772576001,0.71,800389007,1.0,586244001,1.0
800389002,684209019,0.78,800389001,0.82,858918004,0.71,871468001,0.97,800389002,1.0
800389002,776237014,0.78,684209019,0.8,693497002,0.69,799417004,0.96,589808001,1.0
800389002,800389001,0.76,811927001,0.79,764598002,0.68,799417001,0.96,823118002,1.0
800389002,811925001,0.76,811783002,0.78,586244001,0.68,758808001,0.96,653664008,1.0
800389002,811927001,0.75,566140025,0.77,666080003,0.68,758808002,0.96,585130002,1.0
694121001,694121001,1.0,694121001,1.0,694121001,1.0,694121001,1.0,694121001,1.0
694121001,743840012,0.76,734461006,0.79,555369001,0.99,875826001,0.92,203595048,0.91
694121001,734940005,0.7,591631013,0.78,865658001,0.99,812993002,0.9,673133009,0.82
694121001,776907001,0.69,551044035,0.78,768360002,0.99,812993001,0.9,656677025,0.82
694121001,745773004,0.69,584973003,0.77,687600002,0.99,893134004,0.89,706274007,0.82
694121001,732526001,0.68,512230004,0.76,679954005,0.99,631629001,0.89,539217021,0.82
694121001,466917003,0.68,551045017,0.76,786307003,0.99,672573001,0.89,706274002,0.82
694121001,660004005,0.67,588714005,0.76,679954003,0.99,672573002,0.89,825153004,0.82
685601013,685601013,1.0,685601013,1.0,685601013,1.0,685601021,1.0,685601013,1.0
685601013,685604068,0.82,488561023,0.82,748097001,0.96,685601015,1.0,541763001,1.0
685601013,685601021,0.82,804610003,0.8,865391001,0.96,685601002,1.0,685604068,1.0
685601013,566942007,0.81,758561001,0.78,907188001,0.95,685601024,1.0,685604026,1.0
685601013,541763001,0.8,315497018,0.78,811500006,0.95,685601022,1.0,685601021,1.0
685601013,685604026,0.77,758561002,0.77,737340001,0.95,685601030,1.0,685605007,0.91
685601013,719629025,0.76,662369026,0.77,669919001,0.95,685601018,1.0,566942007,0.91
685601013,567638012,0.75,608943015,0.77,749509002,0.95,685601011,1.0,685602016,0.91
287645023,287645023,1.0,287645023,1.0,287645023,1.0,293244002,1.0,305775032,1.0
287645023,293433026,0.93,696944008,0.92,562613002,0.99,287645013,1.0,291338023,1.0
287645023,305775032,0.93,291338017,0.92,885989002,0.98,287645029,1.0,738859008,1.0
287645023,291338018,0.89,535726007,0.92,484644001,0.98,287645027,1.0,291338014,1.0
287645023,291338023,0.88,620424032,0.91,515013001,0.98,623857001,1.0,293433026,1.0
287645023,291333014,0.88,517959029,0.91,571969001,0.98,293244010,1.0,738859013,1.0
287645023,327144032,0.88,395730035,0.91,612050001,0.98,293244001,1.0,653371002,1.0
287645023,327144033,0.87,618386010,0.91,507674001,0.98,287645022,1.0,287645023,1.0
873072002,873072002,1.0,873072002,1.0,873072002,1.0,873072002,1.0,743123001,1.0
873072002,866269002,0.94,595070001,0.46,587296001,1.0,873072001,1.0,866269002,1.0
873072002,854338006,0.93,900317003,0.43,523891001,1.0,649669002,0.87,832330002,1.0
873072002,894139005,0.92,871669008,0.43,552664001,1.0,649669003,0.87,684209004,1.0
873072002,523391002,0.88,480581011,0.43,730482003,1.0,687034023,0.85,854338006,1.0
873072002,508457002,0.88,731516001,0.42,468977001,1.0,687034022,0.85,590928001,1.0
873072002,896278001,0.88,873132005,0.42,562775001,1.0,687034024,0.85,873072002,1.0
873072002,506205001,0.87,709177002,0.42,675245003,1.0,687034002,0.85,616098001,1.0
874196003,874196003,1.0,874196003,1.0,874196003,1.0,874196001,1.0,874196003,1.0
874196003,874196001,0.91,908888001,0.44,834055001,1.0,874196004,1.0,495685015,1.0
874196003,569507001,0.91,913272001,0.44,576262003,1.0,874196009,1.0,801708002,0.91
874196003,546745002,0.9,523160010,0.43,537114003,1.0,874196002,1.0,657190001,0.91
874196003,871176002,0.9,888473002,0.42,654375001,1.0,874196003,1.0,378135022,0.91
874196003,569514001,0.9,532224002,0.41,690593001,1.0,760250004,0.97,546745002,0.91
874196003,495680002,0.9,912574003,0.4,588452001,1.0,760250003,0.97,378135002,0.91
874196003,863644004,0.9,757904023,0.4,557248024,1.0,760250001,0.97,689087007,0.91
599580067,599580067,1.0,599580067,1.0,599580067,1.0,599580083,1.0,351484034,1.0
599580067,776237027,0.87,776237027,0.91,605516008,0.98,599580044,1.0,586896039,1.0
599580067,551371002,0.85,760551002,0.67,626444009,0.97,885618001,1.0,586896005,1.0
599580067,184123020,0.84,599580044,0.65,644753005,0.97,599580041,1.0,586896020,1.0
599580067,600044006,0.83,505094008,0.65,586896006,0.96,599580042,1.0,560209004,1.0
599580067,587679002,0.8,762742001,0.65,641254002,0.96,599580004,1.0,351484013,1.0
599580067,879944004,0.79,665706002,0.64,870692001,0.95,747786001,1.0,723370002,1.0
599580067,919248002,0.79,749699005,0.64,768879001,0.95,599580049,1.0,587679002,1.0
815535003,815535003,1.0,815535003,1.0,815535003,1.0,815535003,1.0,815535003,1.0
815535003,815537003,0.78,673483001,0.8,717879011,1.0,815535001,1.0,815550002,0.91
815535003,815550002,0.73,674103002,0.8,735840005,1.0,693673001,0.94,832312003,0.82
815535003,733552001,0.73,638842003,0.79,558825007,1.0,639192003,0.92,920610005,0.82
815535003,832312003,0.72,631718001,0.79,733870001,1.0,639192013,0.92,783384005,0.82
815535003,920610005,0.71,673363003,0.78,632225003,1.0,639192012,0.92,794054003,0.82
815535003,724302001,0.7,509551005,0.77,728156011,1.0,639192006,0.92,815537003,0.82
815535003,794054003,0.69,696734002,0.77,860997001,1.0,639192009,0.92,854301001,0.82
763100002,763100002,1.0,763100002,1.0,763100002,1.0,763100003,1.0,763100002,1.0
763100002,711048005,0.87,699069002,0.91,597753007,0.98,763100002,1.0,562399002,0.91
763100002,771274002,0.85,626443011,0.91,606814002,0.97,763100001,1.0,562399005,0.91
763100002,631772015,0.83,777842002,0.91,834378004,0.97,631818004,1.0,860231002,0.91
763100002,562399002,0.83,733470001,0.9,598734003,0.97,631818003,1.0,720358002,0.91
763100002,562477001,0.81,744099004,0.9,741021002,0.97,887819002,0.95,711048005,0.91
763100002,649514002,0.8,694765002,0.9,635139001,0.97,855199002,0.92,631772011,0.91
763100002,631772008,0.78,738273001,0.9,767625003,0.97,855199001,0.92,562455001,0.91
703202006,703202006,1.0,703202006,1.0,703202006,1.0,703202008,1.0,634031001,1.0
703202006,487800001,0.93,703202008,0.93,564314022,0.89,703202009,1.0,739912003,1.0
703202006,766777001,0.9,777093003,0.92,487800032,0.87,703202006,1.0,703202006,1.0
703202006,637538001,0.88,685809001,0.92,600932002,0.84,703202005,1.0,600591007,1.0
703202006,487800002,0.88,699200001,0.92,754492001,0.82,703202010,1.0,621620001,1.0
703202006,753746001,0.87,693607004,0.92,869379011,0.81,703202007,1.0,860632001,1.0
703202006,768786001,0.87,694124003,0.92,564311002,0.81,835376001,0.93,768786001,1.0
703202006,860632001,0.86,627563011,0.91,585342006,0.81,835376002,0.93,860644001,1.0
792436001,792436001,1.0,792436001,1.0,792436001,1.0,792436001,1.0,907951001,1.0
792436001,765037001,0.88,701212003,0.84,805015007,1.0,904302001,0.78,768229001,1.0
792436001,740650001,0.87,701212001,0.84,902023001,1.0,904302002,0.78,591100001,1.0
792436001,779138002,0.87,785081001,0.82,640528002,1.0,876332001,0.74,827682003,1.0
792436001,700986001,0.86,765037001,0.81,341242001,1.0,876332002,0.74,907953001,1.0
792436001,729321001,0.86,784383002,0.81,668364001,1.0,752437003,0.71,888294001,1.0
792436001,509134001,0.84,831069001,0.81,625114024,1.0,752437001,0.71,681561001,1.0
792436001,743562002,0.83,677121006,0.8,531665003,1.0,451650001,0.71,708394001,1.0
708740021,708740021,1.0,708740021,1.0,708740021,1.0,708740022,1.0,708740021,1.0
708740021,680441020,0.87,488175001,0.53,802444001,1.0,708740021,1.0,680441020,0.91
708740021,742258030,0.81,678694003,0.52,692046002,1.0,708740005,1.0,708740017,0.82
708740021,742258027,0.81,719484004,0.52,762619011,1.0,708740015,1.0,867240002,0.82
708740021,654410033,0.81,678694002,0.51,736963001,1.0,708740017,1.0,932558002,0.82
708740021,742258037,0.81,612800010,0.51,802153002,1.0,708740018,1.0,742258037,0.82
708740021,680441019,0.8,399136027,0.51,776717002,1.0,879766001,0.89,567424038,0.82
708740021,875996003,0.8,840489004,0.5,681916004,1.0,879766002,0.89,875996003,0.82
747485010,747485010,1.0,747485010,1.0,747485010,1.0,747485006,1.0,863116002,1.0
747485010,794157001,0.86,747485004,0.92,694298034,0.95,747485007,1.0,747485010,1.0
747485010,624066005,0.82,747485007,0.92,683639015,0.93,747485009,1.0,578382001,0.91
747485010,699068005,0.82,750205004,0.91,749176009,0.93,747485004,1.0,828411001,0.91
747485010,750205004,0.81,616225031,0.9,749175001,0.93,747485010,1.0,707106001,0.91
747485010,746869004,0.8,555326013,0.89,760876012,0.92,747485008,1.0,794157001,0.91
747485010,578382001,0.8,747485006,0.89,749175016,0.92,499248004,0.97,578433007,0.91
747485010,824878002,0.79,777093003,0.89,919650001,0.92,521269002,0.94,627262006,0.91
686582001,686582001,1.0,686582001,1.0,686582001,1.0,686582001,1.0,686582001,1.0
686582001,708028001,0.85,462128027,0.78,395127036,0.99,657871004,0.96,835973001,0.91
686582001,815579001,0.85,775402004,0.75,814198003,0.99,657871003,0.96,815579001,0.91
686582001,835973001,0.85,757119001,0.75,763735001,0.99,671302001,0.84,708028001,0.91
686582001,774918005,0.83,637463001,0.74,741117002,0.99,671302003,0.84,774918005,0.91
686582001,786501002,0.83,462128028,0.74,666158002,0.98,859294001,0.84,628633002,0.91
686582001,774918004,0.83,606125001,0.74,684688001,0.98,773192003,0.84,774918004,0.91
686582001,628633002,0.82,767249003,0.74,892174001,0.98,773192002,0.84,786501002,0.91
699623006,699623006,1.0,699623006,1.0,699623006,1.0,699623006,1.0,699623006,1.0
699623006,850359002,0.72,796010002,0.77,589865001,1.0,699623004,1.0,867994002,0.91
699623006,518827008,0.71,661794006,0.75,708845003,1.0,699623001,1.0,518827008,0.91
699623006,867994002,0.7,690222006,0.73,758626001,1.0,812162001,0.9,817992002,0.91
699623006,854967002,0.69,832985001,0.72,850917003,0.99,687169001,0.88,718274002,0.91
699623006,682289010,0.69,850359002,0.72,584298017,0.99,687169002,0.88,786202001,0.91
699623006,713578001,0.67,742429002,0.71,708845001,0.99,689594001,0.87,812784001,0.91
699623006,713578002,0.66,611032005,0.7,869706002,0.99,796319001,0.87,740208006,0.91
656980004,656980004,1.0,656980004,1.0,656980004,1.0,656980003,1.0,656980004,1.0
656980004,673552003,0.76,677005001,0.74,698255003,0.99,656980001,1.0,698949001,0.91
656980004,610155005,0.71,693196003,0.71,780888001,0.99,656980004,1.0,912867001,0.91
656980004,656980003,0.7,673552001,0.67,643160003,0.99,633675001,0.86,554163001,0.91
656980004,475233012,0.69,538680002,0.67,855077002,0.99,743678001,0.75,567952001,0.91
656980004,698949001,0.69,796436001,0.66,713997061,0.99,705095001,0.74,364409028,0.91
656980004,844291001,0.68,696735001,0.66,697983002,0.98,668719001,0.74,673552002,0.91
656980004,912867001,0.68,520794001,0.65,713997023,0.98,633792001,0.71,518630005,0.91
867023003,867023003,1.0,867023003,1.0,867023003,1.0,867023003,1.0,853545001,1.0
867023003,853545001,0.83,863000004,0.83,732747003,1.0,867023001,1.0,867023003,1.0
867023003,862414001,0.8,766785001,0.81,620037002,1.0,664361002,0.87,862414001,0.91
867023003,827704006,0.77,726212001,0.8,653716009,1.0,664361001,0.87,814987002,0.91
867023003,814987002,0.76,843271002,0.8,685600024,1.0,923460003,0.86,738590004,0.91
867023003,763756001,0.74,856714001,0.79,583425001,1.0,923460002,0.86,923460002,0.82
867023003,856714001,0.74,719523007,0.79,879096002,1.0,923460001,0.86,867044002,0.82
867023003,792480001,0.72,738731003,0.78,685600026,1.0,883021003,0.86,653497001,0.82
707235002,707235002,1.0,707235002,1.0,707235002,1.0,707235001,1.0,707235003,1.0
707235002,707235011,0.9,642910013,0.84,651464005,0.99,707235006,1.0,707235011,1.0
707235002,556957006,0.87,721460002,0.83,542014001,0.98,707235010,1.0,707235010,1.0
707235002,707235005,0.86,769007004,0.82,696221005,0.98,707235005,1.0,707235002,1.0
707235002,707235006,0.85,600274006,0.81,831654001,0.98,707235003,1.0,556957006,1.0
707235002,707235003,0.85,809223002,0.8,684036001,0.98,707235011,1.0,707235005,1.0
707235002,707235007,0.85,716654003,0.79,923755003,0.98,707235002,1.0,707235007,1.0
707235002,799330001,0.84,642910002,0.79,929397001,0.98,707235007,1.0,707235006,1.0
734828002,734828002,1.0,734828002,1.0,734828002,1.0,734828001,1.0,699200004,1.0
734828002,699200005,0.94,734828001,0.93,613459017,0.94,734828002,1.0,699200005,1.0
734828002,699200004,0.91,658756002,0.93,659808010,0.94,734828003,1.0,734828002,1.0
734828002,734528010,0.89,672460008,0.92,631772013,0.94,673095001,0.91,699200003,1.0
734828002,754066001,0.89,626648002,0.92,834001002,0.93,673095002,0.91,859476001,1.0
734828002,770156001,0.88,693060003,0.92,863598001,0.93,458925001,0.89,858444003,1.0
734828002,694161006,0.88,647605002,0.92,752359001,0.92,458925003,0.89,753980001,1.0
734828002,734828003,0.87,722656002,0.92,506906004,0.92,458925002,0.89,604514002,1.0
584992003,584992003,1.0,584992003,1.0,584992003,1.0,575214003,1.0,787097001,1.0
584992003,503623006,0.83,672634001,0.79,789382003,0.98,575214004,1.0,903913002,1.0
584992003,613569002,0.82,580301001,0.76,622093005,0.96,584992001,1.0,831686003,1.0
584992003,578469004,0.79,515158003,0.74,784276007,0.96,584992003,1.0,660094001,1.0
584992003,585000001,0.78,535388001,0.73,485553008,0.95,720759001,0.86,899122001,1.0
584992003,909062003,0.76,534210011,0.73,680391032,0.95,809039001,0.85,684105003,1.0
584992003,895477001,0.76,580768002,0.73,542730004,0.95,619433001,0.85,852513006,1.0
584992003,891591007,0.76,645732001,0.72,746034001,0.95,584925004,0.84,878190005,1.0
842064001,842064001,1.0,842064001,1.0,842064001,1.0,879733001,1.0,801856001,1.0
842064001,572202006,0.95,694291002,0.48,678707009,1.0,842064001,1.0,567745004,1.0
842064001,856342001,0.95,842868001,0.47,786978001,1.0,942053001,1.0,671564001,1.0
842064001,785786001,0.94,793962002,0.46,868480003,1.0,879793001,1.0,626633001,1.0
842064001,842054001,0.94,825581002,0.46,542689001,1.0,892966001,1.0,626046001,1.0
842064001,671564001,0.94,519936040,0.46,515265001,1.0,792158001,0.99,589092001,1.0
842064001,625958001,0.94,893942001,0.46,710899003,1.0,766853001,0.99,873568001,1.0
842064001,845935001,0.94,560436001,0.45,661811001,1.0,742020001,0.93,625958001,1.0
858037001,858037001,1.0,858037001,1.0,858037001,1.0,858037001,1.0,733801002,1.0
858037001,862482004,0.89,619884016,0.86,836262001,0.98,877400001,0.85,862482004,1.0
858037001,619884020,0.81,726759002,0.81,683738002,0.97,877400002,0.85,619905003,1.0
858037001,636902003,0.81,862482004,0.77,723357004,0.97,877400003,0.85,636902003,1.0
858037001,735428001,0.8,726759003,0.77,822895001,0.97,599719008,0.84,726759001,1.0
858037001,854222001,0.8,882772002,0.77,542551005,0.97,599719010,0.84,619884012,1.0
858037001,882418005,0.79,738590005,0.76,608943027,0.97,599719007,0.84,882418005,1.0
858037001,619905003,0.79,855735001,0.76,865202001,0.97,599719009,0.84,858037001,1.0
708726001,708726001,1.0,708726001,1.0,708726001,1.0,708726001,1.0,572852001,1.0
708726001,681914003,0.79,723376001,0.84,741466006,0.99,708726003,1.0,708726001,1.0
708726001,723376001,0.79,708722004,0.81,741466002,0.99,708726002,1.0,681914003,1.0
708726001,572852001,0.79,661481002,0.8,746994001,0.99,301364029,0.88,681913005,0.91
708726001,708726002,0.74,617645001,0.8,602415011,0.99,652972001,0.86,681914001,0.82
708726001,708726003,0.73,708722001,0.8,678558001,0.99,723376001,0.85,584679002,0.82
708726001,554479002,0.72,468480033,0.8,468480031,0.99,392168032,0.85,886608001,0.82
708726001,675689002,0.69,554479002,0.8,879307002,0.99,392168029,0.85,518754001,0.82
689365021,689365021,1.0,689365021,1.0,689365021,1.0,689365046,1.0,552473028,1.0
689365021,689389017,0.9,689389015,0.86,690624002,1.0,689365047,1.0,585440011,1.0
689365021,552473028,0.9,649551017,0.82,794819003,1.0,689365002,1.0,692202001,1.0
689365021,689389010,0.86,552473028,0.82,660369005,1.0,689365001,1.0,689365021,1.0
689365021,552473008,0.85,689389017,0.82,829812002,1.0,689365043,1.0,735763003,1.0
689365021,817736007,0.84,689365005,0.82,785709002,1.0,689365044,1.0,552471023,1.0
689365021,697564002,0.82,697564002,0.81,851545001,1.0,689365045,1.0,558825007,1.0
689365021,697564001,0.81,689389005,0.81,620253001,0.99,689365042,1.0,585440001,1.0
699923098,699923098,1.0,699923098,1.0,699923098,1.0,699923068,1.0,699923098,1.0
699923098,684021024,0.81,685816039,0.78,918412001,1.0,699923067,1.0,684021058,0.91
699923098,684021058,0.78,699923041,0.76,762917001,1.0,767980001,1.0,684021024,0.91
699923098,699923042,0.76,836997005,0.75,721928003,1.0,699923077,1.0,699923042,0.82
699923098,509937021,0.76,684021078,0.75,712712009,1.0,767980003,1.0,665685001,0.82
699923098,621522009,0.76,684021021,0.75,684021024,1.0,699923066,1.0,480304005,0.82
699923098,699923041,0.75,551045049,0.75,836997014,1.0,767980004,1.0,779156003,0.82
699923098,699923060,0.74,684021027,0.74,699923106,1.0,699923065,1.0,581994008,0.82
607427006,607427006,1.0,607427006,1.0,607427006,1.0,607427002,1.0,628426002,1.0
607427006,535124003,0.93,502869002,0.78,567635016,0.99,607427001,1.0,578887001,1.0
607427006,578887001,0.93,601622001,0.78,524922001,0.98,607427003,1.0,566621002,1.0
607427006,622192001,0.91,621248002,0.77,735737003,0.98,607427006,1.0,621248001,1.0
607427006,628426002,0.9,622228001,0.77,799383001,0.98,607427012,1.0,535124003,1.0
607427006,600753001,0.88,652203002,0.77,581531001,0.98,607427008,1.0,607427006,1.0
607427006,621248001,0.87,621248004,0.77,833378001,0.98,607427005,1.0,600753001,1.0
607427006,565820001,0.84,507533001,0.76,505604001,0.98,658295001,0.92,622192001,1.0
557026003,557026003,1.0,557026003,1.0,557026003,1.0,557026001,1.0,557026003,1.0
557026003,522076001,0.88,597040002,0.83,791486001,0.99,557026003,1.0,522076001,1.0
557026003,664337001,0.86,548964001,0.83,612788003,0.99,638972001,0.91,586795002,0.91
557026003,626794001,0.81,678224001,0.82,617426004,0.98,527251002,0.91,614423001,0.91
557026003,614423001,0.81,668043001,0.82,722177004,0.98,799879001,0.91,626794001,0.91
557026003,551665001,0.8,543723010,0.8,819256001,0.98,867979001,0.9,551665001,0.91
557026003,648339001,0.79,587096004,0.8,534210008,0.98,903735002,0.9,586796003,0.91
557026003,586796003,0.79,629266001,0.8,715780002,0.98,903735003,0.9,664337001,0.91
679622001,679622001,1.0,679622001,1.0,679622001,1.0,679622001,1.0,679622001,1.0
679622001,669388002,0.81,508184022,0.61,658329013,0.99,736765010,0.88,691735008,0.91
679622001,691735008,0.77,554772014,0.57,866119006,0.99,736765001,0.88,669388002,0.91
679622001,812983002,0.76,519975002,0.56,740824006,0.99,736765002,0.88,691735004,0.91
679622001,691724010,0.75,489838010,0.55,681244003,0.99,736765003,0.88,691724003,0.82
679622001,669388003,0.74,636392002,0.55,651456011,0.98,610079001,0.88,669388004,0.82
679622001,691735002,0.74,396135041,0.55,858912003,0.98,736765011,0.88,669388003,0.82
679622001,669386006,0.72,687586001,0.53,741215001,0.98,736765013,0.88,691735002,0.82
721500002,721500002,1.0,721500002,1.0,721500002,1.0,721500002,1.0,721500002,1.0
721500002,588491004,0.95,721929013,0.62,714872002,0.99,721500001,1.0,588491004,1.0
721500002,836072001,0.87,800416003,0.62,888525004,0.98,646014003,0.89,760020005,0.91
721500002,759877001,0.84,712352001,0.61,762846036,0.98,646014005,0.89,615190001,0.91
721500002,842639001,0.83,703434007,0.58,703434004,0.98,766191002,0.88,773821001,0.91
721500002,759923001,0.82,694111001,0.57,612891003,0.98,766191001,0.88,759877001,0.91
721500002,773821001,0.81,579614006,0.57,838918001,0.98,793541001,0.87,759923001,0.91
721500002,760020005,0.81,741762004,0.57,734440003,0.98,778754003,0.85,842639001,0.91
580770001,580770001,1.0,580770001,1.0,580770001,1.0,580770002,1.0,887771001,1.0
580770001,697980002,0.8,580770008,0.82,618280001,1.0,580770004,1.0,595071016,1.0
580770001,795885005,0.78,677219002,0.76,657743002,1.0,580770008,1.0,868641002,1.0
580770001,852523003,0.78,763634007,0.75,733364003,1.0,580770001,1.0,554208001,1.0
580770001,696093002,0.76,752744008,0.74,856270002,1.0,695956001,0.88,693246011,1.0
580770001,693243019,0.76,803290002,0.74,785636001,0.99,695956002,0.88,693242018,1.0
580770001,696390002,0.76,774955002,0.73,701965002,0.99,696802001,0.88,811235001,1.0
580770001,608952001,0.75,699623001,0.73,699969002,0.99,696802002,0.88,687260002,1.0
496989005,496989005,1.0,496989005,1.0,496989005,1.0,496989005,1.0,739986003,1.0
496989005,697186001,0.91,640399001,0.89,703251001,0.98,496989002,1.0,617037003,1.0
496989005,652978002,0.91,691469002,0.89,742115001,0.98,739987002,0.88,652978002,1.0
496989005,617037003,0.9,640399003,0.88,735496001,0.98,739987001,0.88,496989005,1.0
496989005,714470001,0.9,682854001,0.88,606760004,0.98,797074002,0.8,697186001,1.0
496989005,739986003,0.88,567741005,0.88,742092002,0.98,797074003,0.8,714470001,1.0
496989005,566099001,0.88,697064001,0.88,703162002,0.98,797074001,0.8,566099001,0.91
496989005,587142002,0.87,630891002,0.88,750421001,0.98,675918003,0.78,682101001,0.91
852257001,852257001,1.0,852257001,1.0,852257001,1.0,852257004,1.0,852257001,1.0
852257001,919650002,0.83,775885002,0.83,739898012,0.98,852257001,1.0,870518010,0.91
852257001,870529014,0.83,699318001,0.83,574051001,0.98,852257003,1.0,806166001,0.91
852257001,806166001,0.83,646734001,0.82,677391001,0.98,766233001,0.93,919650002,0.91
852257001,870518010,0.82,731515005,0.82,762975001,0.98,543179001,0.93,870529014,0.91
852257001,690970005,0.79,719685005,0.82,670478003,0.98,926754002,0.93,870517014,0.82
852257001,818707004,0.78,709971001,0.81,578342004,0.98,870061001,0.93,749101011,0.82
852257001,690970004,0.77,658548001,0.81,869171001,0.98,926754001,0.93,806186003,0.82
651264001,651264001,1.0,651264001,1.0,651264001,1.0,651264001,1.0,535278002,1.0
651264001,780572001,0.95,485726012,0.78,819854001,0.88,822045001,0.99,651264001,1.0
651264001,567567001,0.9,554555007,0.76,631179001,0.87,650489001,0.97,780572001,1.0
651264001,535278002,0.87,675456002,0.76,733044003,0.84,780572001,0.96,567567001,1.0
651264001,813341001,0.86,763195002,0.75,625468003,0.84,780572002,0.96,753565001,0.91
651264001,695411001,0.85,627088002,0.75,620910005,0.84,788972001,0.93,831461001,0.91
651264001,750904010,0.84,635382010,0.74,619718001,0.84,879403001,0.92,695411001,0.91
651264001,694734002,0.84,564022001,0.74,799479001,0.83,810931001,0.91,770319001,0.91
504152011,504152011,1.0,504152011,1.0,504152011,1.0,720793001,1.0,504152011,1.0
504152011,504152012,0.81,504152012,0.88,717060001,1.0,504152004,1.0,681560002,0.91
504152011,793137008,0.73,679854007,0.74,791663002,1.0,504152002,1.0,548388014,0.91
504152011,732017013,0.73,626316003,0.74,874819002,0.99,504152003,1.0,682028002,0.91
504152011,579541012,0.73,342034027,0.72,519773001,0.99,504152009,1.0,671553003,0.91
504152011,671553003,0.72,626316001,0.71,509530002,0.99,504152011,1.0,790645005,0.91
504152011,640613003,0.71,679854038,0.7,892354005,0.99,504152012,1.0,673677004,0.91
504152011,660599012,0.7,514577014,0.7,776749001,0.99,693480001,0.93,504151005,0.82
814246001,814246001,1.0,814246001,1.0,814246001,1.0,814246002,1.0,773980005,1.0
814246001,814246002,0.81,814246002,0.88,753209004,0.97,814246001,1.0,664390001,1.0
814246001,806727001,0.8,752661004,0.8,744114010,0.97,909087001,0.98,570530004,1.0
814246001,757740006,0.77,882925003,0.8,748816001,0.97,905718001,0.91,660795004,1.0
814246001,824409002,0.77,882925002,0.8,592771001,0.96,755575006,0.86,520829003,1.0
814246001,882925002,0.77,857794003,0.79,785822003,0.96,755575007,0.86,832481002,1.0
814246001,786082001,0.77,738777002,0.79,655020001,0.96,755575001,0.86,768759005,1.0
814246001,888733004,0.76,882925001,0.78,659321001,0.96,755575002,0.86,814246001,1.0
684084003,684084003,1.0,684084003,1.0,684084003,1.0,684084002,1.0,684084003,1.0
684084003,684085004,0.87,710250002,0.91,884233001,0.78,684084003,1.0,682076008,0.91
684084003,684085005,0.86,679128002,0.9,682076008,0.66,684084001,1.0,587107002,0.91
684084003,546798004,0.85,770156003,0.9,806293001,0.65,588334005,0.95,684085004,0.91
684084003,682076008,0.83,710250001,0.89,867247003,0.64,588334001,0.95,546798004,0.91
684084003,587107002,0.82,693574009,0.89,739873004,0.63,739873004,0.95,684085005,0.91
684084003,684084001,0.76,672460008,0.89,694219003,0.63,739873003,0.95,851659003,0.82
684084003,884233001,0.74,641202001,0.89,867247001,0.6,690343001,0.94,862592001,0.82
589521001,589521001,1.0,589521001,1.0,589521001,1.0,767126029,1.0,485688019,1.0
589521001,767123013,0.92,597476003,0.87,485678037,0.91,505512004,1.0,767123013,1.0
589521001,713774043,0.91,488012013,0.87,670674044,0.9,508993006,1.0,589521001,1.0
589521001,513963005,0.84,485673055,0.87,517959014,0.89,508993001,1.0,713774043,1.0
589521001,713774017,0.82,485678034,0.86,719579040,0.88,767126015,1.0,485683017,0.91
589521001,485688019,0.82,782761003,0.86,688728010,0.87,767126018,1.0,513963005,0.91
589521001,485683017,0.82,506368005,0.86,624543025,0.85,767126013,1.0,614437003,0.91
589521001,589521007,0.82,485683012,0.86,517959026,0.85,505512007,1.0,589521019,0.82
495730001,495730001,1.0,495730001,1.0,495730001,1.0,495730001,1.0,825153001,1.0
495730001,819265003,0.9,735226004,0.85,507910004,0.99,551892008,0.98,568478004,1.0
495730001,805154002,0.9,790574002,0.85,854075002,0.99,551892002,0.98,765314001,1.0
495730001,683405002,0.89,672112001,0.84,635136002,0.99,551892001,0.98,687734011,1.0
495730001,683413004,0.89,570241003,0.84,781758003,0.99,551892004,0.98,891844001,1.0
495730001,683413005,0.88,539143002,0.84,886720001,0.99,551892005,0.98,687734012,1.0
495730001,683287002,0.88,726373001,0.84,564754003,0.99,551892009,0.98,821579002,1.0
495730001,821579002,0.87,826838001,0.83,810758003,0.99,408104020,0.98,495730001,1.0
879781002,879781002,1.0,879781002,1.0,879781002,1.0,879781001,1.0,748269002,1.0
879781002,757981001,0.77,879781003,0.89,842361002,1.0,879781002,1.0,797710004,1.0
879781002,879781003,0.77,638841003,0.81,443262015,1.0,879781004,1.0,779245001,1.0
879781002,789852001,0.76,757981001,0.81,671519007,1.0,879781003,1.0,879781002,1.0
879781002,879781005,0.74,895993004,0.79,572797009,1.0,879781005,1.0,568864008,0.91
879781002,748269002,0.74,703736002,0.79,572797049,1.0,752020003,0.91,518205003,0.91
879781002,812874002,0.74,689390003,0.78,531665014,1.0,752020001,0.91,510159003,0.91
879781002,779098001,0.73,820410002,0.78,508638022,1.0,752020004,0.91,673677022,0.91
741525002,741525002,1.0,741525002,1.0,741525002,1.0,741525003,1.0,739826011,1.0
741525002,764708002,0.9,721105001,0.88,779843001,0.95,741525001,1.0,739820005,1.0
741525002,695573012,0.89,573631008,0.87,801905013,0.95,741525002,1.0,739820004,1.0
741525002,645879001,0.87,703402001,0.87,608943026,0.94,654870002,0.89,739826001,1.0
741525002,739820005,0.86,723675002,0.86,884702002,0.94,596961004,0.89,645879001,1.0
741525002,739826001,0.86,743530007,0.86,858910001,0.93,610565002,0.88,739826009,1.0
741525002,610565002,0.86,726348001,0.86,838114001,0.93,660758001,0.88,741525002,1.0
741525002,757024001,0.85,703402003,0.86,599719038,0.93,823611002,0.87,695573012,1.0
736636001,736636001,1.0,736636001,1.0,736636001,1.0,736636001,1.0,736636001,1.0
736636001,692073001,0.72,638655003,0.77,212629036,0.78,672334002,0.9,858460001,0.91
736636001,820869002,0.71,751870006,0.76,834378005,0.77,672334001,0.9,583734002,0.82
736636001,779915001,0.7,820906002,0.76,806506003,0.77,882888002,0.9,613512001,0.82
736636001,636903001,0.69,652746002,0.76,619655002,0.75,797739001,0.89,795428001,0.82
736636001,815029001,0.69,717504001,0.74,864885002,0.74,721511002,0.89,707634001,0.82
736636001,839899001,0.68,719225002,0.74,637280002,0.74,721511004,0.89,707613003,0.82
736636001,848523001,0.68,841283001,0.73,720651002,0.74,721511003,0.89,620861002,0.82
779214004,779214004,1.0,779214004,1.0,779214004,1.0,779214004,1.0,779214004,1.0
779214004,617472003,0.82,690960008,0.85,578630024,0.98,779214001,1.0,617472003,0.91
779214004,776836001,0.81,711138001,0.84,713750006,0.97,708410001,0.8,776836001,0.91
779214004,739895005,0.79,708191001,0.83,757017005,0.97,708410002,0.8,727228001,0.82
779214004,659314004,0.78,343973009,0.83,533329016,0.97,591948001,0.8,806184004,0.82
779214004,727228001,0.78,618399010,0.83,735089007,0.97,708868002,0.8,659314004,0.82
779214004,549395001,0.77,652019003,0.83,787359001,0.97,708868004,0.8,549395001,0.82
779214004,683112002,0.74,739662007,0.83,672016011,0.97,708868001,0.8,739895005,0.82
717874003,717874003,1.0,717874003,1.0,717874003,1.0,717874003,1.0,551379002,1.0
717874003,811783002,0.87,559633009,0.85,759796005,0.96,717874001,1.0,861471001,1.0
717874003,559634009,0.85,559634023,0.85,606083001,0.95,717874002,1.0,717874003,1.0
717874003,759326009,0.84,698276001,0.8,682050002,0.94,811783004,0.99,586265001,1.0
717874003,653664008,0.81,767377003,0.8,672890003,0.94,811783002,0.99,591784001,1.0
717874003,717874002,0.8,811783002,0.79,670265002,0.89,811783005,0.99,568569001,1.0
717874003,861471001,0.8,559634009,0.78,904198001,0.87,811783001,0.99,811783002,1.0
717874003,559634023,0.8,653664008,0.76,608596002,0.85,820865002,0.97,188183009,1.0
574675001,574675001,1.0,574675001,1.0,574675001,1.0,574675001,1.0,600754001,1.0
574675001,560562001,0.95,616849011,0.69,580301002,0.98,858453002,0.89,585651001,1.0
574675001,600754001,0.93,559618001,0.67,652082001,0.98,858453001,0.89,574675001,1.0
574675001,560560001,0.93,580318002,0.65,651845002,0.98,546727002,0.89,659149003,1.0
574675001,585651001,0.93,531094002,0.65,555306001,0.98,902982005,0.88,614010001,1.0
574675001,602013001,0.92,578198001,0.65,577638003,0.98,902982001,0.88,602013001,1.0
574675001,589830001,0.92,630299001,0.64,735428002,0.98,790376001,0.88,589830001,1.0
574675001,563816001,0.85,748562002,0.64,582401002,0.98,763159002,0.87,614010003,1.0
789977001,789977001,1.0,789977001,1.0,789977001,1.0,789977001,1.0,792043001,1.0
789977001,766166001,0.89,705540002,0.74,674100001,1.0,734377002,0.97,896149001,1.0
789977001,896151001,0.89,757222003,0.74,672355001,1.0,696953001,0.87,809713003,1.0
789977001,671931001,0.89,705518003,0.73,592718001,1.0,657203002,0.86,896148001,1.0
789977001,705875001,0.88,706068001,0.71,937249001,1.0,657203001,0.86,738729002,1.0
789977001,624005001,0.88,703497004,0.7,914118001,1.0,657211001,0.85,705827001,1.0
789977001,785622001,0.88,706068004,0.7,550879003,1.0,789690001,0.84,789977001,1.0
789977001,738729001,0.87,565320022,0.7,689561001,1.0,789690004,0.84,738729001,1.0
669708001,669708001,1.0,669708001,1.0,669708001,1.0,669708001,1.0,669708001,1.0
669708001,685904003,0.83,712547001,0.87,576224004,0.96,635420001,0.87,549164002,0.91
669708001,669715001,0.8,712547002,0.81,510959004,0.96,635420004,0.87,828533003,0.91
669708001,759410006,0.78,723167001,0.8,893424002,0.96,635420003,0.87,574546001,0.91
669708001,630701001,0.77,685904003,0.78,686720004,0.95,548963001,0.87,781592005,0.91
669708001,723167002,0.77,698258001,0.78,673873001,0.95,635420002,0.87,781592002,0.91
669708001,682936002,0.77,639496001,0.77,832598001,0.95,635420005,0.87,530054002,0.91
669708001,842670001,0.76,694127001,0.76,732874003,0.94,678791008,0.85,569200001,0.91
700861001,700861001,1.0,700861001,1.0,700861001,1.0,700861001,1.0,605862002,1.0
700861001,700862001,0.81,700862001,0.86,804840003,0.95,839521001,0.88,700861001,1.0
700861001,740329002,0.79,751655001,0.79,625468003,0.94,624723001,0.86,740329002,1.0
700861001,721040002,0.77,827838005,0.78,624678001,0.93,624723002,0.86,744673001,0.91
700861001,605862002,0.76,711718005,0.78,293510007,0.92,624723003,0.86,744703001,0.91
700861001,731280002,0.75,701261002,0.77,650502004,0.91,729441005,0.86,678239001,0.91
700861001,805505001,0.74,674844001,0.77,711916002,0.91,729441002,0.86,751660001,0.91
700861001,909519003,0.73,665349004,0.77,694741017,0.91,729441001,0.86,840911001,0.91
738656001,738656001,1.0,738656001,1.0,738656001,1.0,738656001,1.0,738656001,1.0
738656001,853971002,0.92,777842002,0.91,722436003,0.81,853971002,0.99,700012009,1.0
738656001,719232001,0.91,744099002,0.9,534165010,0.78,853971001,0.99,705989001,1.0
738656001,806479001,0.9,731521001,0.9,582480026,0.74,574309002,0.9,705989002,1.0
738656001,705989002,0.89,744242001,0.89,717580001,0.73,722594002,0.88,823405001,1.0
738656001,700012009,0.89,759009001,0.89,717885001,0.72,867588001,0.87,497817008,1.0
738656001,705989001,0.89,738273001,0.89,633675001,0.72,867588004,0.87,563426001,1.0
738656001,823405001,0.89,675759006,0.89,710277001,0.72,768451001,0.87,719232001,1.0
752512003,752512003,1.0,752512003,1.0,752512003,1.0,752512009,1.0,619822002,1.0
752512003,705734001,0.85,752512007,0.83,674079004,1.0,752512003,1.0,710708001,1.0
752512003,705734007,0.84,714650002,0.82,659854007,1.0,752512006,1.0,696209004,1.0
752512003,697201002,0.81,779333003,0.81,882760005,1.0,752512007,1.0,695544011,1.0
752512003,696209004,0.79,697201008,0.78,593009001,1.0,752512008,1.0,752512003,1.0
752512003,727641003,0.78,734112002,0.77,624562002,1.0,775651001,1.0,575495001,1.0
752512003,697201001,0.78,763284001,0.76,507987024,1.0,727706001,0.88,573716039,1.0
752512003,779333003,0.77,752512009,0.75,682254005,1.0,727706002,0.88,575178006,1.0
666360001,666360001,1.0,666360001,1.0,666360001,1.0,666360002,1.0,903813002,1.0
666360001,869623002,0.96,617975001,0.77,769102032,0.95,776863004,1.0,834208002,1.0
666360001,888140002,0.95,633944002,0.76,722927001,0.94,666360001,1.0,869623002,1.0
666360001,903813002,0.94,584277005,0.75,343973011,0.92,628594001,0.94,648651001,1.0
666360001,757011002,0.94,621820001,0.75,701784005,0.92,744263002,0.94,833975001,1.0
666360001,687861005,0.92,562339001,0.75,888903002,0.92,744263003,0.94,829355001,1.0
666360001,648651001,0.91,588304001,0.75,291338004,0.92,744263001,0.94,888140002,1.0
666360001,833975001,0.91,569406002,0.75,714714001,0.92,800437001,0.92,629828004,1.0
673900005,673900005,1.0,673900005,1.0,673900005,1.0,720504011,1.0,621381008,1.0
673900005,673900007,0.94,673900002,0.88,706016019,1.0,720504010,1.0,673900012,1.0
673900005,673900002,0.87,673900007,0.88,676512009,1.0,673900002,1.0,416511021,1.0
673900005,673900012,0.85,673900006,0.84,652924023,1.0,673900001,1.0,578846002,1.0
673900005,673900006,0.84,673901006,0.84,902448002,1.0,678346002,1.0,554450051,1.0
673900005,673900013,0.83,673901004,0.82,730863039,1.0,569189002,1.0,448509028,1.0
673900005,673901003,0.82,673900013,0.82,573085047,1.0,720504005,1.0,623720002,1.0
673900005,673901004,0.82,673900010,0.77,871672001,1.0,720504007,1.0,724791006,1.0
873564001,873564001,1.0,873564001,1.0,873564001,1.0,873564003,1.0,597891007,1.0
873564001,873564003,0.99,699923115,0.45,805707001,0.98,873564004,1.0,835563008,1.0
873564001,835563008,0.97,806292002,0.45,749656001,0.98,873564005,1.0,636704003,1.0
873564001,873465002,0.96,513743013,0.44,708342001,0.98,873564001,1.0,873564001,1.0
873564001,895346005,0.96,903861002,0.42,814578009,0.98,878816002,0.89,873564003,1.0
873564001,872370001,0.86,868166002,0.42,721773001,0.97,878816001,0.89,468480015,1.0
873564001,898075003,0.81,821029003,0.42,713576007,0.97,878816006,0.89,525518005,1.0
873564001,898075001,0.81,738660001,0.41,716849001,0.97,849114001,0.87,695887004,1.0
630313005,630313005,1.0,630313005,1.0,630313005,1.0,630313003,1.0,880008001,1.0
630313005,921266001,0.87,516789002,0.79,897684002,1.0,630313001,1.0,790918001,1.0
630313005,523707002,0.86,518579004,0.72,887246001,1.0,630313007,1.0,730946001,1.0
630313005,880008001,0.85,556658001,0.72,731996001,1.0,630313008,1.0,561445005,1.0
630313005,544547004,0.85,623698001,0.72,646676003,1.0,630313004,1.0,554598071,1.0
630313005,728162009,0.85,635673001,0.72,893050002,1.0,630313005,1.0,824995001,1.0
630313005,880001001,0.83,580262001,0.72,738731002,1.0,630313006,1.0,880001001,1.0
630313005,215248002,0.83,615525003,0.72,648935001,1.0,550726001,0.86,572796010,1.0
796156004,796156004,1.0,796156004,1.0,796156004,1.0,796156003,1.0,796156004,1.0
796156004,586955026,0.85,723688001,0.56,796156003,0.95,796156001,1.0,586955026,0.91
796156004,710486001,0.84,450333001,0.55,488697013,0.95,796156004,1.0,715528001,0.91
796156004,759156004,0.78,777103001,0.54,870281002,0.94,796156002,1.0,710486001,0.91
796156004,349301022,0.77,875227002,0.54,734197002,0.93,870281002,0.89,869086001,0.82
796156004,469039024,0.71,681387002,0.54,936776001,0.93,870281001,0.89,469039024,0.82
796156004,715528001,0.7,874054001,0.54,665851005,0.92,650506002,0.86,349301032,0.82
796156004,492841004,0.7,754758003,0.53,600707009,0.92,650506004,0.86,349301022,0.82
817386001,817386001,1.0,817386001,1.0,817386001,1.0,817386001,1.0,723116003,1.0
817386001,833776002,0.85,811848004,0.9,749398002,1.0,846399002,0.89,817386001,1.0
817386001,723116003,0.81,781785001,0.89,804113001,1.0,846399001,0.89,735625006,0.91
817386001,701247001,0.8,835216002,0.88,741293003,1.0,903092001,0.88,691546002,0.91
817386001,858381002,0.78,811848003,0.87,923168002,1.0,827012001,0.88,582577002,0.91
817386001,858381004,0.78,798087002,0.87,533303001,1.0,616896008,0.88,732611003,0.91
817386001,790160006,0.77,748695002,0.87,829646005,1.0,616896009,0.88,701246002,0.91
817386001,748695002,0.76,885617002,0.86,498044001,1.0,616896007,0.88,833776002,0.91
589599014,589599014,1.0,589599014,1.0,589599014,1.0,589599004,1.0,595209001,1.0
589599014,649684001,0.93,639891001,0.81,901955002,0.84,589599009,1.0,776237019,1.0
589599014,882757003,0.9,587229003,0.79,871311002,0.82,589599027,1.0,610249001,1.0
589599014,582480001,0.9,576859003,0.78,680553001,0.76,589599001,1.0,736592002,1.0
589599014,492245009,0.89,588588010,0.77,901955001,0.76,589599002,1.0,551370003,1.0
589599014,610249001,0.89,639896001,0.76,851467001,0.74,589599003,1.0,640541001,1.0
589599014,659854002,0.88,610182007,0.76,934128001,0.73,589599031,1.0,256511038,1.0
589599014,256511038,0.88,660927002,0.76,589599016,0.72,589599008,1.0,736581004,1.0
863893001,863893001,1.0,863893001,1.0,863893001,1.0,863893001,1.0,863893001,1.0
863893001,840636002,0.7,730685001,0.61,457765005,0.9,841964002,0.97,679687001,0.73
863893001,724717003,0.7,754256001,0.59,487051013,0.88,841964001,0.97,827839002,0.73
863893001,724723005,0.7,900825002,0.57,679709015,0.87,894491001,0.94,840636001,0.73
863893001,457765002,0.69,718427001,0.57,619764029,0.87,820936001,0.94,682623010,0.73
863893001,679687036,0.69,636238001,0.57,696536004,0.87,901913001,0.91,679687036,0.73
863893001,756096003,0.69,680264001,0.56,373506025,0.86,761018017,0.91,756096003,0.73
863893001,827839002,0.68,711557001,0.56,488016008,0.86,761018030,0.91,589526007,0.73
576958006,576958006,1.0,576958006,1.0,576958006,1.0,576958004,1.0,868805002,1.0
576958006,598907003,0.94,723226002,0.85,579777005,0.97,576958001,1.0,576938001,1.0
576958006,746442001,0.89,681114002,0.84,736624001,0.97,576958005,1.0,708735001,1.0
576958006,697470001,0.88,743132004,0.84,698718003,0.96,576958006,1.0,749805003,1.0
576958006,735087003,0.88,793170008,0.84,595225001,0.96,576958007,1.0,735087003,1.0
576958006,697365001,0.88,694376002,0.84,734951002,0.96,596204001,0.95,576958006,1.0
576958006,599871001,0.87,723533001,0.83,619184002,0.96,597270002,0.95,643133001,1.0
576958006,567808001,0.87,697096018,0.83,850617001,0.96,697468001,0.93,715399001,1.0
806528005,806528005,1.0,806528005,1.0,806528005,1.0,806528009,1.0,806528005,1.0
806528005,806528004,0.85,813538004,0.89,944637001,0.97,806528003,1.0,846139002,0.91
806528005,846139002,0.79,806528004,0.86,579399004,0.97,806528004,1.0,896064001,0.82
806528005,708311029,0.78,853394001,0.84,694516003,0.96,806528005,1.0,913714002,0.82
806528005,708311004,0.78,806528007,0.83,669616002,0.96,806528007,1.0,608939001,0.82
806528005,708311030,0.77,813538002,0.81,756448002,0.96,806528001,1.0,573716046,0.82
806528005,855081003,0.77,708311030,0.8,843634001,0.95,613618003,0.96,708311004,0.82
806528005,708311002,0.77,855081003,0.8,887898007,0.95,613618002,0.96,785226004,0.82
700761003,700761003,1.0,700761003,1.0,700761003,1.0,700761003,1.0,699361004,1.0
700761003,699361004,0.88,679285007,0.9,765441001,0.91,700761005,1.0,736780004,1.0
700761003,679285007,0.84,700761004,0.86,754751001,0.89,700761001,1.0,700761003,1.0
700761003,679285018,0.82,699361004,0.82,671131001,0.88,700761002,1.0,700688004,0.91
700761003,737221005,0.82,679285018,0.81,711193001,0.86,700761004,1.0,736531009,0.91
700761003,700737003,0.81,699598006,0.81,799225001,0.84,700761006,1.0,783440003,0.91
700761003,679280009,0.79,700761001,0.8,464927019,0.84,700761011,1.0,678079001,0.91
700761003,779155002,0.79,700737003,0.79,694746001,0.84,700761009,1.0,547365022,0.91
633796001,633796001,1.0,633796001,1.0,633796001,1.0,633796001,1.0,560402001,1.0
633796001,711401001,0.92,670674004,0.93,662860001,0.72,780888001,0.6,694941001,1.0
633796001,697112001,0.92,630525004,0.92,540998020,0.69,829376001,0.58,651524001,1.0
633796001,651524001,0.91,287645013,0.92,653832001,0.64,835217001,0.57,633792001,1.0
633796001,716159001,0.91,701968001,0.92,785199001,0.61,569453002,0.57,711401001,1.0
633796001,697105001,0.9,257430026,0.92,778742001,0.58,569453003,0.57,830156001,1.0
633796001,633792001,0.9,477515005,0.92,416905001,0.58,661413001,0.57,716159001,1.0
633796001,633893002,0.87,633886001,0.92,790640001,0.52,873608001,0.57,633796001,1.0
664319011,664319011,1.0,664319011,1.0,664319011,1.0,664319002,1.0,752512008,1.0
664319011,752516006,0.87,752516006,0.85,776006001,0.77,664319016,1.0,687629001,1.0
664319011,752512008,0.84,664319015,0.85,738330001,0.75,775856001,1.0,573716054,1.0
664319011,664319015,0.8,575542011,0.79,712587005,0.75,664319011,1.0,519914009,1.0
664319011,664319021,0.77,664319016,0.76,880343001,0.74,664319009,1.0,612182004,1.0
664319011,575542011,0.76,664319005,0.75,625176006,0.72,664319008,1.0,712398001,1.0
664319011,787959001,0.75,708478002,0.73,645023001,0.71,664319005,1.0,744073001,1.0
664319011,752512009,0.75,752512008,0.72,775931001,0.7,664319015,1.0,532275006,1.0
824499001,824499001,1.0,824499001,1.0,824499001,1.0,824499001,1.0,824499001,1.0
824499001,717879016,0.83,789872001,0.82,927922002,1.0,824499006,1.0,717879016,1.0
824499001,837368001,0.76,773989001,0.81,817150003,1.0,824499003,1.0,577759003,0.91
824499001,824490003,0.74,741862002,0.81,898713001,1.0,787880003,0.92,898701003,0.91
824499001,783244001,0.74,791512001,0.8,896064002,1.0,787880005,0.92,824490003,0.91
824499001,841428001,0.74,854004001,0.8,675281002,1.0,787880001,0.92,781613010,0.82
824499001,783245001,0.73,748657001,0.78,757333002,1.0,831918001,0.92,898713001,0.82
824499001,787880001,0.72,779068004,0.78,523936032,1.0,841428001,0.91,783384001,0.82
723716002,723716002,1.0,723716002,1.0,723716002,1.0,818972001,1.0,661023004,1.0
723716002,724413003,0.88,709271001,0.79,911044001,0.83,683125001,1.0,723716002,1.0
723716002,777709002,0.87,828776001,0.77,739188003,0.81,648908001,1.0,624308002,1.0
723716002,738929002,0.87,799681002,0.74,910314001,0.8,875043001,1.0,918705002,1.0
723716002,766646002,0.87,633152002,0.73,616540002,0.78,818972002,1.0,648908002,1.0
723716002,764676002,0.87,714746002,0.73,822043001,0.73,737893001,1.0,818972002,1.0
723716002,731086002,0.86,724413003,0.72,465816001,0.72,723716002,1.0,833459002,1.0
723716002,766750002,0.86,766750002,0.71,738929001,0.7,775115001,1.0,575004002,1.0
775140001,775140001,1.0,775140001,1.0,775140001,1.0,775140001,1.0,919103001,1.0
775140001,778177001,0.9,674103002,0.85,892653001,0.99,775088001,0.83,757225001,1.0
775140001,798329001,0.9,807795001,0.81,837165001,0.99,857312001,0.81,890183001,1.0
775140001,757225001,0.9,773112001,0.81,810890001,0.99,804033001,0.81,872114001,1.0
775140001,776037001,0.9,522347003,0.8,553970001,0.99,776382001,0.81,919106001,1.0
775140001,771742001,0.89,598172002,0.8,776382001,0.99,795833001,0.81,919160001,1.0
775140001,776047001,0.89,559677002,0.8,651946001,0.98,764681001,0.8,919019001,1.0
775140001,845795001,0.88,684062002,0.8,652763001,0.98,768399001,0.8,910255001,1.0
867729003,867729003,1.0,867729003,1.0,867729003,1.0,293433046,1.0,545090002,1.0
867729003,545090002,0.94,863849006,0.45,301687009,0.93,293433048,1.0,765775002,1.0
867729003,858517004,0.88,868405002,0.44,877566001,0.93,867729006,1.0,867729003,1.0
867729003,811960004,0.86,858400002,0.43,475179002,0.92,867729007,1.0,333323030,0.91
867729003,765775002,0.85,802459005,0.42,784537002,0.91,867729009,1.0,745293001,0.91
867729003,745293001,0.85,758650002,0.42,796600005,0.89,293433045,1.0,858517004,0.91
867729003,867729002,0.82,717154002,0.42,839573001,0.89,867729004,1.0,811960004,0.91
867729003,868578001,0.8,890534002,0.41,633755001,0.89,293433047,1.0,644706002,0.91
757552004,757552004,1.0,757552004,1.0,757552004,1.0,757552008,1.0,657643003,1.0
757552004,797892001,0.94,797892001,0.92,798952001,0.99,757552011,1.0,841170001,1.0
757552004,754631001,0.91,757552012,0.88,156610001,0.99,757552007,1.0,573937001,1.0
757552004,549263006,0.9,754631001,0.87,832993001,0.98,757552009,1.0,713153001,1.0
757552004,822237001,0.9,757552013,0.86,509415001,0.98,757552010,1.0,856699001,1.0
757552004,797892003,0.88,757552009,0.86,561083005,0.98,757552004,1.0,775856001,1.0
757552004,713153001,0.88,549263006,0.85,904973001,0.97,757552006,1.0,903389001,1.0
757552004,831412003,0.88,822237001,0.85,754631001,0.97,757552012,1.0,657644001,1.0
646490003,646490003,1.0,646490003,1.0,646490003,1.0,646490016,1.0,738675001,1.0
646490003,778534001,0.83,646490010,0.8,547335004,0.95,646490011,1.0,859136002,1.0
646490003,665481011,0.83,665481011,0.77,747634002,0.93,646490020,1.0,882760001,1.0
646490003,691799002,0.8,708993002,0.76,691595001,0.92,646490013,1.0,655039001,1.0
646490003,800804002,0.8,683968002,0.76,646490011,0.92,646490008,1.0,778534001,1.0
646490003,882760001,0.79,709987001,0.76,741342005,0.88,646490010,1.0,794998001,1.0
646490003,666354001,0.79,710108003,0.75,772727001,0.88,646490017,1.0,721589001,1.0
646490003,687539002,0.79,763842005,0.75,663281003,0.87,646490003,1.0,828268004,1.0
653716007,653716007,1.0,653716007,1.0,653716007,1.0,653716017,1.0,865477001,1.0
653716007,523404032,0.9,653706022,0.87,863622001,1.0,653716007,1.0,552538002,1.0
653716007,669993008,0.89,442345027,0.84,655710007,1.0,653716020,1.0,570759001,1.0
653716007,442345027,0.87,523404032,0.83,872692004,1.0,653716003,1.0,669993001,1.0
653716007,669993012,0.84,783335017,0.82,648980001,1.0,653716005,1.0,653716007,1.0
653716007,719941001,0.84,653716011,0.81,634031001,1.0,653716009,1.0,449099024,1.0
653716007,561083001,0.83,669993008,0.81,651200001,1.0,653716011,1.0,523404016,1.0
653716007,663581005,0.83,783335003,0.8,571188002,1.0,653716022,1.0,669993012,1.0
632982014,632982014,1.0,632982014,1.0,632982014,1.0,632982015,1.0,632982014,1.0
632982014,632982013,0.84,490793033,0.85,703497003,1.0,632982001,1.0,615018001,0.91
632982014,547264006,0.78,572402003,0.85,626590002,1.0,632982020,1.0,547264006,0.91
632982014,632982001,0.74,508691004,0.84,671858001,1.0,632982025,1.0,613465002,0.91
632982014,613465002,0.74,626000002,0.84,791492018,1.0,632982014,1.0,648994002,0.91
632982014,613465001,0.74,579841005,0.83,872971011,1.0,632982002,1.0,554784001,0.91
632982014,613456003,0.73,476583019,0.83,705561002,1.0,632982016,1.0,573400001,0.91
632982014,589844001,0.72,570474016,0.83,649440002,1.0,632982021,1.0,615047007,0.91
563609004,563609004,1.0,563609004,1.0,563609004,1.0,563609006,1.0,563609004,1.0
563609004,636172001,0.85,558407005,0.89,627113001,1.0,563609004,1.0,500771011,0.91
563609004,622743003,0.84,646243001,0.88,793852001,1.0,563609002,1.0,730683039,0.91
563609004,630141006,0.84,667146002,0.88,831254001,1.0,715606005,1.0,500771012,0.91
563609004,563609006,0.84,573650001,0.88,790564004,1.0,580840001,1.0,801512001,0.91
563609004,558246002,0.83,522508001,0.88,625760001,1.0,683848001,1.0,914453002,0.91
563609004,563609005,0.83,564786018,0.88,744306001,1.0,715606003,1.0,730683054,0.91
563609004,484398054,0.83,622743003,0.88,716654004,1.0,667146002,1.0,730683040,0.91
739224001,739224001,1.0,739224001,1.0,739224001,1.0,739224001,1.0,677917002,1.0
739224001,736040001,0.92,721632001,0.74,338016009,1.0,732712003,1.0,388916006,1.0
739224001,829924001,0.91,662932002,0.72,620179001,0.99,732712002,1.0,467738002,1.0
739224001,388916006,0.9,763084001,0.72,645749005,0.99,731851002,0.96,739224001,1.0
739224001,645749006,0.9,680192004,0.72,935003001,0.99,838184002,0.96,481696002,1.0
739224001,705896001,0.89,811166003,0.72,935730001,0.99,838184006,0.96,683174001,1.0
739224001,417855001,0.88,701187002,0.71,337991007,0.99,838184001,0.96,677915002,1.0
739224001,835739001,0.88,551080032,0.71,788125002,0.99,731851001,0.96,337991001,1.0
799383002,799383002,1.0,799383002,1.0,799383002,1.0,692844012,1.0,740415003,1.0
799383002,742522006,0.96,782760014,0.71,875084006,1.0,626704006,1.0,578589001,1.0
799383002,501121002,0.96,811145002,0.68,670123002,1.0,692844010,1.0,740415004,1.0
799383002,667016001,0.96,694676003,0.67,875084005,1.0,692844009,1.0,877931001,1.0
799383002,875084006,0.96,686137013,0.66,411758003,1.0,626704005,1.0,871669001,1.0
799383002,755581009,0.95,791490006,0.65,620951001,1.0,626704007,1.0,692839001,1.0
799383002,875084001,0.95,848989001,0.64,395619013,1.0,692844006,1.0,632654001,1.0
799383002,501117001,0.95,748748007,0.64,935659001,1.0,626704003,1.0,877933001,1.0
562677009,562677009,1.0,562677009,1.0,562677009,1.0,562677007,1.0,562677009,1.0
562677009,709466004,0.81,695178004,0.89,802224001,0.93,631639010,1.0,493810010,0.91
562677009,493810024,0.8,692842004,0.89,785948007,0.92,631639007,1.0,493810024,0.91
562677009,493810022,0.78,589520003,0.89,766282001,0.92,631639006,1.0,493810022,0.91
562677009,718076005,0.78,695183005,0.89,843721001,0.91,562677003,1.0,718076009,0.82
562677009,466948014,0.76,703401003,0.89,636547001,0.91,631639001,1.0,664750008,0.82
562677009,718076009,0.76,700181002,0.89,622149009,0.91,562677009,1.0,898775009,0.82
562677009,569406001,0.74,697813010,0.88,826045004,0.91,562677013,1.0,493836006,0.82
744117014,744117014,1.0,744117014,1.0,744117014,1.0,626263021,1.0,805370005,1.0
744117014,679116001,0.97,626610004,0.88,620208062,0.98,626263018,1.0,626443023,1.0
744117014,706734001,0.96,679113006,0.88,730683052,0.98,744117004,1.0,537461003,1.0
744117014,856798002,0.94,693784001,0.88,804759004,0.98,744117003,1.0,805370003,1.0
744117014,744117020,0.93,883202002,0.88,862106003,0.98,744117001,1.0,626263006,1.0
744117014,795820009,0.92,658756002,0.87,754598005,0.98,626263022,1.0,649383001,1.0
744117014,618428003,0.91,649622008,0.87,722068001,0.98,744117008,1.0,856798002,1.0
744117014,744117010,0.9,651809004,0.87,730683036,0.98,626263019,1.0,737081001,1.0
734072001,734072001,1.0,734072001,1.0,734072001,1.0,734072002,1.0,734072001,1.0
734072001,692488001,0.89,646023001,0.87,612077003,1.0,734072001,1.0,701360001,0.91
734072001,701360001,0.87,550471010,0.87,608945027,1.0,780957001,0.94,649602001,0.91
734072001,654062002,0.86,605081001,0.86,554552003,1.0,867186001,0.87,692488001,0.91
734072001,785885001,0.85,600231003,0.86,769635002,1.0,867186002,0.87,744802002,0.91
734072001,781897001,0.85,644499001,0.86,611503021,1.0,834940001,0.86,785885001,0.91
734072001,701341001,0.85,487275017,0.85,630323004,1.0,715959001,0.86,778912001,0.91
734072001,826625001,0.83,530476001,0.85,632391003,1.0,709857001,0.86,826625001,0.91
820462001,820462001,1.0,820462001,1.0,820462001,1.0,820462001,1.0,769102033,1.0
820462001,638162003,0.88,762061005,0.9,672054002,1.0,820462012,1.0,769102015,1.0
820462001,711235001,0.86,825791002,0.86,187949025,1.0,820462010,1.0,820462001,1.0
820462001,694046004,0.85,801634002,0.85,711178003,1.0,820462009,1.0,657434001,1.0
820462001,769102015,0.85,750477004,0.85,550471010,1.0,820462008,1.0,694046020,1.0
820462001,550471012,0.82,784038003,0.84,820462013,1.0,820462002,1.0,694046004,1.0
820462001,523625014,0.82,525581016,0.84,753836002,1.0,820462013,1.0,711235001,1.0
820462001,638162001,0.81,606107008,0.83,433275022,1.0,820462007,1.0,638162001,1.0
870289003,870289003,1.0,870289003,1.0,870289003,1.0,870289001,1.0,522018001,1.0
870289003,889652001,0.88,609787009,0.51,691461002,1.0,870289003,1.0,549253003,1.0
870289003,836540005,0.88,747148007,0.46,643460001,1.0,826835001,1.0,549253001,1.0
870289003,915366001,0.88,594834007,0.46,652617001,1.0,513739001,0.92,870289003,1.0
870289003,895423001,0.88,696500001,0.46,689563001,1.0,877931001,0.91,430694015,1.0
870289003,910922001,0.88,916295002,0.45,689563003,1.0,586530001,0.91,910922001,0.91
870289003,469562050,0.88,682305001,0.45,568962001,1.0,759901001,0.91,767543001,0.91
870289003,931769001,0.88,759391005,0.45,724822003,1.0,759901002,0.91,588368001,0.91
636437001,636437001,1.0,636437001,1.0,636437001,1.0,636437002,1.0,560558001,1.0
636437001,504113004,0.89,628921010,0.77,686127005,0.96,636437001,1.0,662728004,1.0
636437001,316553025,0.88,615047007,0.76,766495007,0.96,825139002,0.89,551462005,1.0
636437001,866943003,0.87,648173001,0.76,708129001,0.96,825139004,0.89,717727001,1.0
636437001,642222001,0.86,526708017,0.76,718417001,0.96,825139001,0.89,845610006,1.0
636437001,518585001,0.86,680187002,0.75,621683001,0.96,505704004,0.88,673940004,1.0
636437001,583963002,0.85,598795016,0.75,622240004,0.95,505704003,0.88,859081001,1.0
636437001,868955001,0.85,642971001,0.75,534044009,0.95,212629036,0.88,583963002,1.0
618386002,618386002,1.0,618386002,1.0,618386002,1.0,618386006,1.0,683108001,1.0
618386002,683108001,0.89,660320003,0.94,805455008,1.0,618386002,1.0,618386002,1.0
618386002,611144007,0.88,395730036,0.94,668598006,1.0,618386010,1.0,541631001,0.91
618386002,618386010,0.87,623283002,0.94,858834003,1.0,618386001,1.0,681097008,0.91
618386002,618386001,0.86,607347006,0.94,902518001,1.0,618386008,1.0,557607008,0.91
618386002,549390001,0.84,618386010,0.93,511222001,1.0,637612002,0.96,681100001,0.91
618386002,637609001,0.84,690957006,0.93,877222001,1.0,883526001,0.95,611144007,0.91
618386002,611144021,0.83,327144033,0.93,574069001,1.0,742261002,0.95,683108004,0.91
824016003,824016003,1.0,824016003,1.0,824016003,1.0,533358001,1.0,824016003,1.0
824016003,622231012,0.9,814118005,0.79,742457002,1.0,824016004,1.0,622231012,1.0
824016003,824537001,0.88,688665001,0.72,508542004,1.0,741541005,1.0,824537001,0.91
824016003,829962005,0.87,692852002,0.71,796535023,1.0,741541003,1.0,829962005,0.91
824016003,826148005,0.85,758288002,0.71,659132009,1.0,824016006,1.0,826148005,0.91
824016003,824016004,0.8,573605017,0.71,793104004,1.0,824016003,1.0,831236002,0.82
824016003,814635003,0.79,735407001,0.71,603774002,1.0,741541002,1.0,741543002,0.82
824016003,831236002,0.78,823234001,0.7,781451001,1.0,741541004,1.0,824016004,0.82
631752006,631752006,1.0,631752006,1.0,631752006,1.0,631752006,1.0,617805001,1.0
631752006,631752004,0.86,607347017,0.94,781135008,0.91,685232003,1.0,710601004,1.0
631752006,719994001,0.85,652050003,0.94,850606001,0.88,685232001,1.0,719994001,1.0
631752006,710520001,0.85,636178002,0.93,811350001,0.88,631752001,1.0,663485001,1.0
631752006,665969001,0.84,676763002,0.93,831302005,0.87,631752003,1.0,631752006,1.0
631752006,685185002,0.83,327144033,0.93,642224004,0.87,631752004,1.0,747410001,1.0
631752006,710601004,0.81,716211002,0.92,749878003,0.87,631752005,1.0,585255001,1.0
631752006,685232003,0.81,555292001,0.92,859626008,0.86,685232004,1.0,708316003,0.91
603577001,603577001,1.0,603577001,1.0,603577001,1.0,603577002,1.0,603577001,1.0
603577001,573424001,0.94,382127039,0.81,443696014,1.0,603577001,1.0,885547001,1.0
603577001,876043001,0.93,609475009,0.8,456163051,1.0,595078001,0.86,862453001,1.0
603577001,885547001,0.93,466852005,0.8,782727001,1.0,647751001,0.82,851374001,1.0
603577001,851370002,0.92,449570032,0.79,811378003,1.0,647751002,0.82,700367004,1.0
603577001,886737001,0.92,647770002,0.79,584566003,1.0,683852001,0.82,921646001,1.0
603577001,915292001,0.91,661712001,0.79,669522004,1.0,615248001,0.81,868283001,1.0
603577001,862453001,0.91,622619002,0.79,667769003,1.0,615248002,0.81,894680001,1.0
734968004,734968004,1.0,734968004,1.0,734968004,1.0,734968001,1.0,734968004,1.0
734968004,734968001,0.96,734968003,0.95,640527001,0.9,734968003,1.0,734968001,1.0
734968004,815308003,0.94,810407001,0.94,677270001,0.84,734968002,1.0,815308003,1.0
734968004,810407001,0.92,734968001,0.94,584157003,0.84,734968004,1.0,810407001,0.91
734968004,768284002,0.89,765433005,0.93,672054004,0.83,678707001,0.95,573152023,0.91
734968004,734968003,0.89,809947001,0.92,576958001,0.83,678707002,0.95,707149004,0.91
734968004,825210001,0.88,815308004,0.92,378447003,0.83,678707009,0.95,601876004,0.91
734968004,573152025,0.88,765175001,0.92,518648001,0.83,678707006,0.95,768284002,0.91
605365001,605365001,1.0,605365001,1.0,605365001,1.0,605365001,1.0,910444001,1.0
605365001,606022001,0.78,684968001,0.7,562252001,1.0,562252010,0.99,605365001,1.0
605365001,562251001,0.77,580379001,0.69,761595001,1.0,562252024,0.99,910445001,1.0
605365001,679502001,0.76,351332007,0.69,553488003,1.0,562252001,0.99,606022001,1.0
605365001,570885001,0.75,531305001,0.68,561948003,1.0,562252004,0.99,596472001,1.0
605365001,910444001,0.74,494691007,0.68,712950005,1.0,562252005,0.99,671776001,0.91
605365001,356174004,0.73,440811006,0.67,520509007,1.0,562252036,0.99,790368006,0.91
605365001,541810002,0.73,592241005,0.66,653998002,1.0,562252014,0.99,816563001,0.91
767577027,767577027,1.0,767577027,1.0,767577027,1.0,583425001,1.0,508993006,1.0
767577027,564312018,0.9,638897001,0.84,719579031,0.86,834624001,1.0,564314039,1.0
767577027,564310015,0.88,767577034,0.83,622149011,0.85,721003001,1.0,564310019,1.0
767577027,564310019,0.87,662369002,0.83,584631020,0.84,767577065,1.0,767577027,1.0
767577027,675662026,0.87,828353004,0.82,702098003,0.83,583426001,1.0,564314013,1.0
767577027,564314031,0.86,673281006,0.82,564314018,0.83,609256001,1.0,675662031,1.0
767577027,564314039,0.84,764609001,0.82,922071002,0.83,736385001,1.0,564310015,1.0
767577027,703347001,0.83,564312013,0.82,714083008,0.82,721003002,1.0,564312018,1.0
554546038,554546038,1.0,554546038,1.0,554546038,1.0,554546016,1.0,688659001,1.0
554546038,852739006,0.96,692840017,0.71,546565011,1.0,554546001,1.0,558514012,1.0
554546038,567818001,0.96,805367001,0.67,698385002,1.0,554546027,1.0,688665001,1.0
554546038,749005002,0.95,754216002,0.67,882900019,1.0,554546023,1.0,688663001,1.0
554546038,688665001,0.95,782592006,0.67,581777002,1.0,554546021,1.0,688662001,1.0
554546038,554546003,0.94,810547001,0.66,554126003,1.0,554546019,1.0,558514026,1.0
554546038,691440008,0.94,692833001,0.66,795820008,1.0,554546017,1.0,688676002,1.0
554546038,884976001,0.94,692834015,0.66,820827002,1.0,554546030,1.0,749032002,1.0
901818003,901818003,1.0,901818003,1.0,901818003,1.0,901818003,1.0,901818003,1.0
901818003,887374001,0.8,916699001,0.56,627300001,0.97,901818001,1.0,577249003,0.91
901818003,622798001,0.79,712660006,0.53,821756001,0.97,901818004,1.0,620349001,0.91
901818003,562475001,0.79,400285006,0.51,570365001,0.97,904424002,0.95,802548002,0.82
901818003,592991003,0.79,673901001,0.5,568047002,0.97,904424001,0.95,751660001,0.82
901818003,537098001,0.79,679509001,0.49,555211001,0.96,919786002,0.93,751799001,0.82
901818003,892562001,0.79,673900001,0.47,516802005,0.96,919786001,0.93,707772004,0.82
901818003,887181001,0.79,865624003,0.45,502522008,0.96,907692001,0.91,433444019,0.82
918517001,918517001,1.0,918517001,1.0,918517001,1.0,918517001,1.0,834442001,1.0
918517001,519712001,0.98,927491002,0.51,874114002,1.0,841367001,0.89,666585001,1.0
918517001,902419001,0.98,850923001,0.5,841367001,1.0,673503004,0.89,244267004,1.0
918517001,863646005,0.97,911111004,0.47,693772001,1.0,673503002,0.89,507533002,1.0
918517001,920283001,0.97,868597008,0.46,472064012,1.0,698098001,0.89,693772001,1.0
918517001,906226002,0.96,918503002,0.45,805003001,1.0,766181001,0.89,693759001,1.0
918517001,479604003,0.95,934054002,0.42,701725001,1.0,770703004,0.88,794538001,1.0
918517001,596849001,0.91,853284001,0.41,779349001,1.0,770703003,0.88,801336001,1.0
633218001,633218001,1.0,633218001,1.0,633218001,1.0,738628004,1.0,694736001,1.0
633218001,694726001,0.9,633346002,0.87,869399001,0.94,633218001,1.0,753572001,1.0
633218001,694736001,0.89,495347002,0.87,880029002,0.94,738628003,1.0,694736010,1.0
633218001,694726002,0.87,566556005,0.86,694736010,0.94,738628002,1.0,515346001,1.0
633218001,633214001,0.87,622879008,0.86,889375002,0.94,738672001,1.0,633218001,1.0
633218001,753572001,0.85,513963004,0.86,785787004,0.94,630902001,0.89,753572002,1.0
633218001,632682001,0.85,670233007,0.86,626385001,0.94,630902002,0.89,694726001,1.0
633218001,629669001,0.84,488018002,0.86,564340002,0.94,738627007,0.87,738672001,1.0
